-,2SB09460P,polarity,PNP
-,2SB09460P,ce_v_max,80
-,2SB09460P,c_current_max,7.0
-,2SB09460P,dev_dissipation,2.0
-,2SB09460P,stg_temp_max,150
-,2SB09460P,dc_gain_min,80.0
-,BC213,polarity,PNP
-,BC213,ce_v_max,30
-,BC213,c_current_max,500.0
-,BC213,dev_dissipation,625.0
-,BC213,dc_gain_min,30.0
-,BCX799_D26Z,polarity,PNP
-,BCX799_D26Z,ce_v_max,45
-,BCX799_D26Z,c_current_max,500.0
-,BCX799_D26Z,dev_dissipation,625.0
-,BCX799_D26Z,dc_gain_min,45.0
-,BD900A-S,polarity,PNP
-,BD900A-S,ce_v_max,80
-,BD900A-S,c_current_max,8.0
-,BD900A-S,dev_dissipation,2.0
-,BD900A-S,dc_gain_min,80.0
-,2SC2062STPC,polarity,NPN
-,2SC2062STPC,ce_v_max,32
-,2SC2062STPC,c_current_max,300.0
-,2SC2062STPC,dev_dissipation,300.0
-,2SC2062STPC,stg_temp_max,150
-,2SC2062STPC,dc_gain_min,32.0
-,BUL770-S,polarity,NPN
-,BUL770-S,ce_v_max,400
-,BUL770-S,c_current_max,2.0
-,BUL770-S,dev_dissipation,50.0
-,BUL770-S,dc_gain_min,400.0
-,TIP126D,polarity,PNP
-,TIP126D,ce_v_max,80
-,TIP126D,c_current_max,5.0
-,TIP126D,dev_dissipation,2.0
-,TIP126D,dc_gain_min,80.0
-,PCP1203-P-TD-H,polarity,NPN
-,PCP1203-P-TD-H,ce_v_max,30
-,PCP1203-P-TD-H,c_current_max,1.0
-,PCP1203-P-TD-H,dev_dissipation,1.0
-,PCP1203-P-TD-H,stg_temp_max,150
-,PCP1203-P-TD-H,dc_gain_min,30.0
-,JANTX2N4405,stg_temp_max,200
-,JAN2N1489,polarity,NPN
-,JAN2N1489,ce_v_max,40
-,JAN2N1489,c_current_max,6.0
-,JAN2N1489,dev_dissipation,75.0
-,JAN2N1489,stg_temp_max,200
-,JAN2N1489,dc_gain_min,40.0
-,JAN2N1711,polarity,NPN
-,JAN2N1711,ce_v_max,30
-,JAN2N1711,c_current_max,500.0
-,JAN2N1711,dev_dissipation,800.0
-,JAN2N1711,stg_temp_min,-65
-,JAN2N1711,stg_temp_max,200
-,JAN2N1711,dc_gain_min,30.0
-,JANTX2N1711,polarity,NPN
-,JANTX2N1711,ce_v_max,30
-,JANTX2N1711,c_current_max,500.0
-,JANTX2N1711,dev_dissipation,800.0
-,JANTX2N1711,stg_temp_min,-65
-,JANTX2N1711,stg_temp_max,200
-,JANTX2N1711,dc_gain_min,30.0
-,JANTX2N3440UA,polarity,NPN
-,JANTX2N3440UA,ce_v_max,250
-,JANTX2N3440UA,c_current_max,1.0
-,JANTX2N3440UA,dev_dissipation,800.0
-,JANTX2N3440UA,stg_temp_min,-65
-,JANTX2N3440UA,stg_temp_max,200
-,JANTX2N3440UA,dc_gain_min,250.0
-,JAN2N3441,polarity,NPN
-,JAN2N3441,ce_v_max,140
-,JAN2N3441,c_current_max,3.0
-,JAN2N3441,dev_dissipation,3.0
-,JAN2N3441,stg_temp_min,-65
-,JAN2N3441,stg_temp_max,200
-,JAN2N3441,dc_gain_min,140.0
-,JANTX2N3441,polarity,NPN
-,JANTX2N3441,ce_v_max,140
-,JANTX2N3441,c_current_max,3.0
-,JANTX2N3441,dev_dissipation,3.0
-,JANTX2N3441,stg_temp_min,-65
-,JANTX2N3441,stg_temp_max,200
-,JANTX2N3441,dc_gain_min,140.0
-,JANTXV2N3467,polarity,PNP
-,JANTXV2N3467,ce_v_max,40
-,JANTXV2N3467,c_current_max,1.0
-,JANTXV2N3467,dev_dissipation,1.0
-,JANTXV2N3467,stg_temp_min,-55
-,JANTXV2N3467,stg_temp_max,175
-,JANTXV2N3467,dc_gain_min,40.0
-,JAN2N3467L,polarity,PNP
-,JAN2N3467L,ce_v_max,40
-,JAN2N3467L,c_current_max,1.0
-,JAN2N3467L,dev_dissipation,1.0
-,JAN2N3467L,stg_temp_min,-55
-,JAN2N3467L,stg_temp_max,175
-,JAN2N3467L,dc_gain_min,40.0
-,JAN2N3584,polarity,NPN
-,JAN2N3584,ce_v_max,250
-,JAN2N3584,c_current_max,2.0
-,JAN2N3584,dev_dissipation,2.0
-,JAN2N3584,stg_temp_min,-65
-,JAN2N3584,stg_temp_max,200
-,JAN2N3584,dc_gain_min,250.0
-,JANTX2N3584,polarity,NPN
-,JANTX2N3584,ce_v_max,250
-,JANTX2N3584,c_current_max,2.0
-,JANTX2N3584,dev_dissipation,2.0
-,JANTX2N3584,stg_temp_min,-65
-,JANTX2N3584,stg_temp_max,200
-,JANTX2N3584,dc_gain_min,250.0
-,JAN2N3585,polarity,NPN
-,JAN2N3585,ce_v_max,300
-,JAN2N3585,c_current_max,2.0
-,JAN2N3585,dev_dissipation,2.0
-,JAN2N3585,stg_temp_min,-65
-,JAN2N3585,stg_temp_max,200
-,JAN2N3585,dc_gain_min,300.0
-,JANTX2N3585,polarity,NPN
-,JANTX2N3585,ce_v_max,300
-,JANTX2N3585,c_current_max,2.0
-,JANTX2N3585,dev_dissipation,2.0
-,JANTX2N3585,stg_temp_min,-65
-,JANTX2N3585,stg_temp_max,200
-,JANTX2N3585,dc_gain_min,300.0
-,JANTXV2N3585,polarity,NPN
-,JANTXV2N3585,ce_v_max,300
-,JANTXV2N3585,c_current_max,2.0
-,JANTXV2N3585,dev_dissipation,2.0
-,JANTXV2N3585,stg_temp_min,-65
-,JANTXV2N3585,stg_temp_max,200
-,JANTXV2N3585,dc_gain_min,300.0
-,JAN2N3772,polarity,NPN
-,JAN2N3772,ce_v_max,60
-,JAN2N3772,c_current_max,20.0
-,JAN2N3772,dev_dissipation,6.0
-,JAN2N3772,stg_temp_min,-65
-,JAN2N3772,stg_temp_max,200
-,JAN2N3772,dc_gain_min,60.0
-,JAN2N4399,polarity,PNP
-,JAN2N4399,ce_v_max,60
-,JAN2N4399,c_current_max,30.0
-,JAN2N4399,dev_dissipation,5.0
-,JAN2N4399,stg_temp_min,-55
-,JAN2N4399,stg_temp_max,200
-,JAN2N4399,dc_gain_min,60.0
-,JANTX2N4399,polarity,PNP
-,JANTX2N4399,ce_v_max,60
-,JANTX2N4399,c_current_max,30.0
-,JANTX2N4399,dev_dissipation,5.0
-,JANTX2N4399,stg_temp_min,-55
-,JANTX2N4399,stg_temp_max,200
-,JANTX2N4399,dc_gain_min,60.0
-,JANTXV2N4399,polarity,PNP
-,JANTXV2N4399,ce_v_max,60
-,JANTXV2N4399,c_current_max,30.0
-,JANTXV2N4399,dev_dissipation,5.0
-,JANTXV2N4399,stg_temp_min,-55
-,JANTXV2N4399,stg_temp_max,200
-,JANTXV2N4399,dc_gain_min,60.0
-,JANTX2N4931,polarity,PNP
-,JANTX2N4931,ce_v_max,250
-,JANTX2N4931,c_current_max,200.0
-,JANTX2N4931,dev_dissipation,1.0
-,JANTX2N4931,stg_temp_min,-65
-,JANTX2N4931,stg_temp_max,200
-,JANTX2N4931,dc_gain_min,250.0
-,JANTXV2N4931,polarity,PNP
-,JANTXV2N4931,ce_v_max,250
-,JANTXV2N4931,c_current_max,200.0
-,JANTXV2N4931,dev_dissipation,1.0
-,JANTXV2N4931,stg_temp_min,-65
-,JANTXV2N4931,stg_temp_max,200
-,JANTXV2N4931,dc_gain_min,250.0
-,JANS2N5004,polarity,NPN
-,JANS2N5004,ce_v_max,80
-,JANS2N5004,c_current_max,5.0
-,JANS2N5004,dev_dissipation,2.0
-,JANS2N5004,stg_temp_min,-65
-,JANS2N5004,stg_temp_max,200
-,JANS2N5004,dc_gain_min,80.0
-,JAN2N5038,polarity,NPN
-,JAN2N5038,ce_v_max,90
-,JAN2N5038,c_current_max,20.0
-,JAN2N5038,dev_dissipation,140.0
-,JAN2N5038,stg_temp_min,-65
-,JAN2N5038,stg_temp_max,200
-,JAN2N5038,dc_gain_min,90.0
-,JANTX2N5038,polarity,NPN
-,JANTX2N5038,ce_v_max,90
-,JANTX2N5038,c_current_max,20.0
-,JANTX2N5038,dev_dissipation,140.0
-,JANTX2N5038,stg_temp_min,-65
-,JANTX2N5038,stg_temp_max,200
-,JANTX2N5038,dc_gain_min,90.0
-,JANTXV2N5038,polarity,NPN
-,JANTXV2N5038,ce_v_max,90
-,JANTXV2N5038,c_current_max,20.0
-,JANTXV2N5038,dev_dissipation,140.0
-,JANTXV2N5038,stg_temp_min,-65
-,JANTXV2N5038,stg_temp_max,200
-,JANTXV2N5038,dc_gain_min,90.0
-,JANTX2N5039,polarity,NPN
-,JANTX2N5039,ce_v_max,75
-,JANTX2N5039,c_current_max,20.0
-,JANTX2N5039,dev_dissipation,140.0
-,JANTX2N5039,stg_temp_min,-65
-,JANTX2N5039,stg_temp_max,200
-,JANTX2N5039,dc_gain_min,75.0
-,JAN2N5302,polarity,NPN
-,JAN2N5302,ce_v_max,60
-,JAN2N5302,c_current_max,30.0
-,JAN2N5302,dev_dissipation,5.0
-,JAN2N5302,stg_temp_min,-65
-,JAN2N5302,stg_temp_max,200
-,JAN2N5302,dc_gain_min,60.0
-,JANTX2N5302,polarity,NPN
-,JANTX2N5302,ce_v_max,60
-,JANTX2N5302,c_current_max,30.0
-,JANTX2N5302,dev_dissipation,5.0
-,JANTX2N5302,stg_temp_min,-65
-,JANTX2N5302,stg_temp_max,200
-,JANTX2N5302,dc_gain_min,60.0
-,JANTXV2N5339U3,polarity,NPN
-,JANTXV2N5339U3,ce_v_max,100
-,JANTXV2N5339U3,c_current_max,5.0
-,JANTXV2N5339U3,dev_dissipation,1.0
-,JANTXV2N5339U3,stg_temp_min,-65
-,JANTXV2N5339U3,stg_temp_max,200
-,JANTXV2N5339U3,dc_gain_min,100.0
-,JANTX2N5660,polarity,NPN
-,JANTX2N5660,ce_v_max,200
-,JANTX2N5660,c_current_max,2.0
-,JANTX2N5660,dev_dissipation,2.0
-,JANTX2N5660,stg_temp_min,-65
-,JANTX2N5660,stg_temp_max,200
-,JANTX2N5660,dc_gain_min,200.0
-,JANTXV2N5666U3,polarity,NPN
-,JANTXV2N5666U3,ce_v_max,200
-,JANTXV2N5666U3,c_current_max,5.0
-,JANTXV2N5666U3,dev_dissipation,1.0
-,JANTXV2N5666U3,stg_temp_min,-65
-,JANTXV2N5666U3,stg_temp_max,200
-,JANTXV2N5666U3,dc_gain_min,200.0
-,JAN2N5671,polarity,NPN
-,JAN2N5671,ce_v_max,90
-,JAN2N5671,c_current_max,30.0
-,JAN2N5671,dev_dissipation,6.0
-,JAN2N5671,stg_temp_min,-65
-,JAN2N5671,stg_temp_max,200
-,JAN2N5671,dc_gain_min,90.0
-,JANTX2N5672,polarity,NPN
-,JANTX2N5672,ce_v_max,120
-,JANTX2N5672,c_current_max,30.0
-,JANTX2N5672,dev_dissipation,6.0
-,JANTX2N5672,stg_temp_min,-65
-,JANTX2N5672,stg_temp_max,200
-,JANTX2N5672,dc_gain_min,120.0
-,JANTXV2N5672,polarity,NPN
-,JANTXV2N5672,ce_v_max,120
-,JANTXV2N5672,c_current_max,30.0
-,JANTXV2N5672,dev_dissipation,6.0
-,JANTXV2N5672,stg_temp_min,-65
-,JANTXV2N5672,stg_temp_max,200
-,JANTXV2N5672,dc_gain_min,120.0
-,JAN2N5683,polarity,NPN
-,JAN2N5683,ce_v_max,60
-,JAN2N5683,c_current_max,50.0
-,JAN2N5683,dev_dissipation,300.0
-,JAN2N5683,stg_temp_min,-65
-,JAN2N5683,stg_temp_max,200
-,JAN2N5683,dc_gain_min,60.0
-,JANTX2N5745,polarity,PNP
-,JANTX2N5745,ce_v_max,80
-,JANTX2N5745,c_current_max,20.0
-,JANTX2N5745,dev_dissipation,5.0
-,JANTX2N5745,stg_temp_min,-55
-,JANTX2N5745,stg_temp_max,200
-,JANTX2N5745,dc_gain_min,80.0
-,JANS2N6193,polarity,PNP
-,JANS2N6193,ce_v_max,100
-,JANS2N6193,c_current_max,5.0
-,JANS2N6193,dev_dissipation,1.0
-,JANS2N6193,stg_temp_min,-65
-,JANS2N6193,stg_temp_max,200
-,JANS2N6193,dc_gain_min,100.0
-,JAN2N6211,polarity,PNP
-,JAN2N6211,ce_v_max,225
-,JAN2N6211,c_current_max,2.0
-,JAN2N6211,dev_dissipation,3.0
-,JAN2N6211,stg_temp_min,-55
-,JAN2N6211,stg_temp_max,200
-,JAN2N6211,dc_gain_min,225.0
-,JANTX2N6211,polarity,PNP
-,JANTX2N6211,ce_v_max,225
-,JANTX2N6211,c_current_max,2.0
-,JANTX2N6211,dev_dissipation,3.0
-,JANTX2N6211,stg_temp_min,-55
-,JANTX2N6211,stg_temp_max,200
-,JANTX2N6211,dc_gain_min,225.0
-,JANTX2N6212,polarity,PNP
-,JANTX2N6212,ce_v_max,300
-,JANTX2N6212,c_current_max,2.0
-,JANTX2N6212,dev_dissipation,3.0
-,JANTX2N6212,stg_temp_min,-55
-,JANTX2N6212,stg_temp_max,200
-,JANTX2N6212,dc_gain_min,300.0
-,JANTX2N6213,polarity,PNP
-,JANTX2N6213,ce_v_max,350
-,JANTX2N6213,c_current_max,2.0
-,JANTX2N6213,dev_dissipation,3.0
-,JANTX2N6213,stg_temp_min,-55
-,JANTX2N6213,stg_temp_max,200
-,JANTX2N6213,dc_gain_min,350.0
-,CEN1356,polarity,NPN
-,2SA1708T-YMH-AN,polarity,NPN
-,2SA1708T-YMH-AN,polarity,PNP
-,2SA1708T-YMH-AN,ce_v_max,100
-,2SA1708T-YMH-AN,c_current_max,1.0
-,2SA1708T-YMH-AN,stg_temp_max,1
-,2SA1708T-YMH-AN,dc_gain_min,100.0
-,BC846BWE6327HTSA1,polarity,NPN
-,BC846BWE6327HTSA1,ce_v_max,65
-,BC846BWE6327HTSA1,c_current_max,100.0
-,BC846BWE6327HTSA1,dev_dissipation,250.0
-,BC846BWE6327HTSA1,stg_temp_max,150
-,BC846BWE6327HTSA1,dc_gain_min,65.0
-,BCP 69US E6327,polarity,PNP
-,BCP 69US E6327,ce_v_max,20
-,BCP 69US E6327,c_current_max,1.0
-,BCP 69US E6327,dev_dissipation,1.0
-,BCP 69US E6327,dc_gain_min,20.0
-,2SB143400A,polarity,PNP
-,2SB143400A,ce_v_max,50
-,2SB143400A,c_current_max,2.0
-,2SB143400A,dev_dissipation,1.0
-,2SB143400A,stg_temp_max,150
-,2SB143400A,dc_gain_min,50.0
-,2SA11100Q,polarity,PNP
-,2SA11100Q,ce_v_max,120
-,2SA11100Q,c_current_max,500.0
-,2SA11100Q,dev_dissipation,1.0
-,2SA11100Q,stg_temp_max,150
-,2SA11100Q,dc_gain_min,120.0
-,2SA09000R,polarity,PNP
-,2SA09000R,ce_v_max,18
-,2SA09000R,c_current_max,1.0
-,2SA09000R,dev_dissipation,1.0
-,2SA09000R,stg_temp_max,150
-,2SA09000R,dc_gain_min,18.0
-,2SA09140R,polarity,PNP
-,2SA09140R,ce_v_max,150
-,2SA09140R,c_current_max,50.0
-,2SA09140R,dev_dissipation,1.0
-,2SA09140R,stg_temp_max,150
-,2SA09140R,dc_gain_min,150.0
-,2SB09430P,polarity,PNP
-,2SB09430P,ce_v_max,80
-,2SB09430P,c_current_max,3.0
-,2SB09430P,dev_dissipation,2.0
-,2SB09430P,stg_temp_max,150
-,2SB09430P,dc_gain_min,80.0
-,2SB07100RL,polarity,PNP
-,2SB07100RL,ce_v_max,25
-,2SB07100RL,c_current_max,500.0
-,2SB07100RL,dev_dissipation,200.0
-,2SB07100RL,stg_temp_max,150
-,2SB07100RL,dc_gain_min,25.0
-,2SB07100RL,polarity,PNP
-,2SB07100RL,ce_v_max,25
-,2SB07100RL,c_current_max,500.0
-,2SB07100RL,dev_dissipation,200.0
-,2SB07100RL,stg_temp_max,150
-,2SB07100RL,dc_gain_min,25.0
-,2SB07100RL,polarity,PNP
-,2SB07100RL,ce_v_max,25
-,2SB07100RL,c_current_max,500.0
-,2SB07100RL,dev_dissipation,200.0
-,2SB07100RL,stg_temp_max,150
-,2SB07100RL,dc_gain_min,25.0
-,2SB07100SL,polarity,PNP
-,2SB07100SL,ce_v_max,25
-,2SB07100SL,c_current_max,500.0
-,2SB07100SL,dev_dissipation,200.0
-,2SB07100SL,stg_temp_max,150
-,2SB07100SL,dc_gain_min,25.0
-,2SB07100SL,polarity,PNP
-,2SB07100SL,ce_v_max,25
-,2SB07100SL,c_current_max,500.0
-,2SB07100SL,dev_dissipation,200.0
-,2SB07100SL,stg_temp_max,150
-,2SB07100SL,dc_gain_min,25.0
-,2SB07100SL,polarity,PNP
-,2SB07100SL,ce_v_max,25
-,2SB07100SL,c_current_max,500.0
-,2SB07100SL,dev_dissipation,200.0
-,2SB07100SL,stg_temp_max,150
-,2SB07100SL,dc_gain_min,25.0
-,2SA11240R,polarity,PNP
-,2SA11240R,ce_v_max,150
-,2SA11240R,c_current_max,50.0
-,2SA11240R,dev_dissipation,1.0
-,2SA11240R,stg_temp_max,150
-,2SA11240R,dc_gain_min,150.0
-,2SB15920RA,polarity,PNP
-,2SB15920RA,ce_v_max,25
-,2SB15920RA,c_current_max,3.0
-,2SB15920RA,dev_dissipation,1.0
-,2SB15920RA,stg_temp_max,150
-,2SB15920RA,dc_gain_min,25.0
-,2SC3940ARA,polarity,NPN
-,2SC3940ARA,ce_v_max,50
-,2SC3940ARA,c_current_max,1.0
-,2SC3940ARA,dev_dissipation,1.0
-,2SC3940ARA,stg_temp_max,150
-,2SC3940ARA,dc_gain_min,50.0
-,2SC3940ARA,polarity,NPN
-,2SC3940ARA,ce_v_max,50
-,2SC3940ARA,c_current_max,1.0
-,2SC3940ARA,dev_dissipation,1.0
-,2SC3940ARA,stg_temp_max,150
-,2SC3940ARA,dc_gain_min,50.0
-,2SC2412KT246S,polarity,NPN
-,2SC2412KT246S,ce_v_max,50
-,2SC2412KT246S,c_current_max,150.0
-,2SC2412KT246S,stg_temp_max,150
-,2SC2412KT246S,dc_gain_min,50.0
-,BC337-16-AP,polarity,NPN
-,BC337-16-AP,ce_v_max,45
-,BC337-16-AP,c_current_max,800.0
-,BC337-16-AP,dev_dissipation,625.0
-,BC337-16-AP,stg_temp_min,-55
-,BC337-16-AP,stg_temp_max,150
-,BC337-16-AP,dc_gain_min,45.0
-,BC327-25-AP,polarity,PNP
-,BC327-25-AP,ce_v_max,45
-,BC327-25-AP,c_current_max,800.0
-,BC327-25-AP,dev_dissipation,625.0
-,BC327-25-AP,stg_temp_min,-55
-,BC327-25-AP,stg_temp_max,150
-,BC327-25-AP,dc_gain_min,45.0
-,BCV 28 E6327,polarity,PNP
-,BCV 28 E6327,ce_v_max,30
-,BCV 28 E6327,c_current_max,500.0
-,BCV 28 E6327,dev_dissipation,1.0
-,BCV 28 E6327,stg_temp_max,150
-,BCV 28 E6327,dc_gain_min,30.0
-,BCV 28 E6327,polarity,PNP
-,BCV 28 E6327,ce_v_max,30
-,BCV 28 E6327,c_current_max,500.0
-,BCV 28 E6327,dev_dissipation,1.0
-,BCV 28 E6327,stg_temp_max,150
-,BCV 28 E6327,dc_gain_min,30.0
-,BCV 28 E6327,polarity,PNP
-,BCV 28 E6327,ce_v_max,30
-,BCV 28 E6327,c_current_max,500.0
-,BCV 28 E6327,dev_dissipation,1.0
-,BCV 28 E6327,stg_temp_max,150
-,BCV 28 E6327,dc_gain_min,30.0
-,BCV48E6327HTSA1,polarity,PNP
-,BCV48E6327HTSA1,ce_v_max,60
-,BCV48E6327HTSA1,c_current_max,500.0
-,BCV48E6327HTSA1,dev_dissipation,1.0
-,BCV48E6327HTSA1,stg_temp_max,150
-,BCV48E6327HTSA1,dc_gain_min,60.0
-,BCV48E6327HTSA1,polarity,PNP
-,BCV48E6327HTSA1,ce_v_max,60
-,BCV48E6327HTSA1,c_current_max,500.0
-,BCV48E6327HTSA1,dev_dissipation,1.0
-,BCV48E6327HTSA1,stg_temp_max,150
-,BCV48E6327HTSA1,dc_gain_min,60.0
-,BCV48E6327HTSA1,polarity,PNP
-,BCV48E6327HTSA1,ce_v_max,60
-,BCV48E6327HTSA1,c_current_max,500.0
-,BCV48E6327HTSA1,dev_dissipation,1.0
-,BCV48E6327HTSA1,stg_temp_max,150
-,BCV48E6327HTSA1,dc_gain_min,60.0
-,MMBT6427LT3,polarity,NPN
-,MMBT6427LT3,ce_v_max,40
-,MMBT6427LT3,c_current_max,500.0
-,MMBT6427LT3,dev_dissipation,225.0
-,MMBT6427LT3,dc_gain_min,40.0
-,MMBT6427LT3G,polarity,NPN
-,MMBT6427LT3G,ce_v_max,40
-,MMBT6427LT3G,c_current_max,500.0
-,MMBT6427LT3G,dev_dissipation,225.0
-,MMBT6427LT3G,dc_gain_min,40.0
-,MPS2907ARL,polarity,PNP
-,MPS2907ARL,ce_v_max,60
-,MPS2907ARL,c_current_max,600.0
-,MPS2907ARL,dev_dissipation,625.0
-,MPS2907ARL,dc_gain_min,60.0
-,MPS2907ARL1,polarity,PNP
-,MPS2907ARL1,ce_v_max,60
-,MPS2907ARL1,c_current_max,600.0
-,MPS2907ARL1,dev_dissipation,625.0
-,MPS2907ARL1,dc_gain_min,60.0
-,MPS2907ARL1G,polarity,PNP
-,MPS2907ARL1G,ce_v_max,60
-,MPS2907ARL1G,c_current_max,600.0
-,MPS2907ARL1G,dev_dissipation,625.0
-,MPS2907ARL1G,dc_gain_min,60.0
-,MPS2907AZL1,polarity,PNP
-,MPS2907AZL1,ce_v_max,60
-,MPS2907AZL1,c_current_max,600.0
-,MPS2907AZL1,dev_dissipation,625.0
-,MPS2907AZL1,dc_gain_min,60.0
-,MPS2907AZL1G,polarity,PNP
-,MPS2907AZL1G,ce_v_max,60
-,MPS2907AZL1G,c_current_max,600.0
-,MPS2907AZL1G,dev_dissipation,625.0
-,MPS2907AZL1G,dc_gain_min,60.0
-,MPSW55,polarity,PNP
-,MPSW55,ce_v_max,60
-,MPSW55,c_current_max,500.0
-,MPSW55,dev_dissipation,1.0
-,MPSW55,stg_temp_min,-55
-,MPSW55,stg_temp_max,150
-,MPSW55,dc_gain_min,60.0
-,MPSW55RLRA,polarity,PNP
-,MPSW55RLRA,ce_v_max,60
-,MPSW55RLRA,c_current_max,500.0
-,MPSW55RLRA,dev_dissipation,1.0
-,MPSW55RLRA,dc_gain_min,60.0
-,MSB92T1,polarity,PNP
-,MSB92T1,ce_v_max,300
-,MSB92T1,c_current_max,150.0
-,MSB92T1,dev_dissipation,150.0
-,MSB92T1,dc_gain_min,300.0
-,NJVBDX53C,polarity,NPN
-,NJVBDX53C,ce_v_max,100
-,NJVBDX53C,c_current_max,8.0
-,NJVBDX53C,dev_dissipation,65.0
-,NJVBDX53C,dc_gain_min,100.0
-,BC141-10,polarity,NPN
-,BC141-10,ce_v_max,60
-,BC141-10,c_current_max,1.0
-,BC141-10,dev_dissipation,650.0
-,BC141-10,dc_gain_min,60.0
-,ST901TFP,polarity,NPN
-,ST901TFP,ce_v_max,400
-,ST901TFP,c_current_max,4.0
-,ST901TFP,dev_dissipation,80.0
-,ST901TFP,dc_gain_min,400.0
-,"BC846BM,315",polarity,NPN
-,"BC846BM,315",ce_v_max,65
-,"BC846BM,315",c_current_max,100.0
-,"BC846BM,315",dev_dissipation,250.0
-,"BC846BM,315",stg_temp_max,150
-,"BC846BM,315",dc_gain_min,65.0
-,SMSD1002T1G,polarity,NPN
-,"BC847AMB,315",polarity,NPN
-,"BC847AMB,315",ce_v_max,45
-,"BC847AMB,315",c_current_max,100.0
-,"BC847AMB,315",dev_dissipation,250.0
-,"BC847AMB,315",stg_temp_max,150
-,"BC847AMB,315",dc_gain_min,45.0
-,"BC857AMB,315",polarity,PNP
-,"BC857AMB,315",ce_v_max,45
-,"BC857AMB,315",c_current_max,100.0
-,"BC857AMB,315",dev_dissipation,250.0
-,"BC857AMB,315",stg_temp_max,150
-,"BC857AMB,315",dc_gain_min,45.0
-,"BC857CMB,315",polarity,PNP
-,"BC857CMB,315",ce_v_max,45
-,"BC857CMB,315",c_current_max,100.0
-,"BC857CMB,315",dev_dissipation,250.0
-,"BC857CMB,315",stg_temp_max,150
-,"BC857CMB,315",dc_gain_min,45.0
-,SMSD602-RT1G,polarity,NPN
-,SMSD602-RT1G,ce_v_max,50
-,SMSD602-RT1G,c_current_max,500.0
-,SMSD602-RT1G,dev_dissipation,200.0
-,SMSD602-RT1G,dc_gain_min,50.0
-,BC817-25T116,polarity,NPN
-,BC817-25T116,ce_v_max,45
-,BC817-25T116,c_current_max,800.0
-,BC817-25T116,dc_gain_min,45.0
-,BC817-25T116,polarity,NPN
-,BC817-25T116,ce_v_max,45
-,BC817-25T116,c_current_max,800.0
-,BC817-25T116,dc_gain_min,45.0
-,BC817-25T116,polarity,NPN
-,BC817-25T116,ce_v_max,45
-,BC817-25T116,c_current_max,800.0
-,BC817-25T116,dc_gain_min,45.0
-,BCW31T116,polarity,NPN
-,BCW31T116,ce_v_max,32
-,BCW31T116,c_current_max,100.0
-,BCW31T116,dc_gain_min,32.0
-,BC807-25T116,polarity,PNP
-,BC807-25T116,ce_v_max,45
-,BC807-25T116,c_current_max,500.0
-,BC807-25T116,dc_gain_min,45.0
-,"PDTA143EMB,315",polarity,PNP
-,"PDTA143EMB,315",ce_v_max,50
-,"PDTA143EMB,315",c_current_max,100.0
-,"PDTA143EMB,315",dev_dissipation,250.0
-,"PDTA143EMB,315",dc_gain_min,50.0
-,BCW32T116,polarity,NPN
-,BCW32T116,ce_v_max,32
-,BCW32T116,c_current_max,100.0
-,BCW32T116,dc_gain_min,32.0
-,BCW33T116,polarity,NPN
-,BCW33T116,ce_v_max,32
-,BCW33T116,c_current_max,100.0
-,BCW33T116,dc_gain_min,32.0
-,BCW60CT116,polarity,NPN
-,BCW60CT116,ce_v_max,32
-,BCW60CT116,c_current_max,200.0
-,BCW60CT116,dc_gain_min,32.0
-,BCW60DT116,polarity,NPN
-,BCW60DT116,ce_v_max,32
-,BCW60DT116,c_current_max,200.0
-,BCW60DT116,dc_gain_min,32.0
-,MMST8098T146,polarity,NPN
-,MMST8098T146,ce_v_max,60
-,MMST8098T146,c_current_max,200.0
-,MMST8098T146,dev_dissipation,350.0
-,MMST8098T146,dc_gain_min,60.0
-,MMST8098T146,polarity,NPN
-,MMST8098T146,ce_v_max,60
-,MMST8098T146,c_current_max,200.0
-,MMST8098T146,dev_dissipation,350.0
-,MMST8098T146,dc_gain_min,60.0
-,MMST8098T146,polarity,NPN
-,MMST8098T146,ce_v_max,60
-,MMST8098T146,c_current_max,200.0
-,MMST8098T146,dev_dissipation,350.0
-,MMST8098T146,dc_gain_min,60.0
-,BCW70T116,polarity,PNP
-,BCW70T116,ce_v_max,45
-,BCW70T116,c_current_max,100.0
-,BCW70T116,dc_gain_min,45.0
-,BCW72T116,polarity,NPN
-,BCW72T116,ce_v_max,45
-,BCW72T116,c_current_max,100.0
-,BCW72T116,dc_gain_min,45.0
-,2SB815-6-TB-E,polarity,PNP
-,2SB815-6-TB-E,ce_v_max,15
-,2SB815-6-TB-E,c_current_max,700.0
-,2SB815-6-TB-E,dev_dissipation,200.0
-,2SB815-6-TB-E,stg_temp_max,125
-,2SB815-6-TB-E,dc_gain_min,15.0
-,2SB815-7-TB-E,polarity,PNP
-,2SB815-7-TB-E,ce_v_max,15
-,2SB815-7-TB-E,c_current_max,700.0
-,2SB815-7-TB-E,dev_dissipation,200.0
-,2SB815-7-TB-E,stg_temp_max,125
-,2SB815-7-TB-E,dc_gain_min,15.0
-,BCW30T116,polarity,PNP
-,BCW30T116,ce_v_max,32
-,BCW30T116,c_current_max,100.0
-,BCW30T116,dc_gain_min,32.0
-,BCW61CT116,polarity,PNP
-,BCW61CT116,ce_v_max,32
-,BCW61CT116,c_current_max,200.0
-,BCW61CT116,dc_gain_min,32.0
-,MMST8598T146,polarity,PNP
-,MMST8598T146,ce_v_max,60
-,MMST8598T146,c_current_max,200.0
-,MMST8598T146,dc_gain_min,60.0
-,2SC5729T106Q,polarity,NPN
-,2SC5729T106Q,ce_v_max,30
-,2SC5729T106Q,c_current_max,500.0
-,2SC5729T106Q,dev_dissipation,200.0
-,2SC5729T106Q,dc_gain_min,30.0
-,2SC5729T106R,polarity,NPN
-,2SC5729T106R,ce_v_max,30
-,2SC5729T106R,c_current_max,500.0
-,2SC5729T106R,dev_dissipation,200.0
-,2SC5729T106R,dc_gain_min,30.0
-,PBSS4240XX,polarity,NPN
-,PBSS4240XX,ce_v_max,40
-,PBSS4240XX,c_current_max,2.0
-,PBSS4240XX,dev_dissipation,500.0
-,PBSS4240XX,stg_temp_max,150
-,PBSS4240XX,dc_gain_min,40.0
-,MPS3415,polarity,NPN
-,MPS3415,ce_v_max,25
-,MPS3415,c_current_max,500.0
-,MPS3415,dev_dissipation,625.0
-,MPS3415,stg_temp_min,-65
-,MPS3415,stg_temp_max,150
-,MPS3415,dc_gain_min,25.0
-,2N2222A,polarity,NPN
-,2N2222A,ce_v_max,50
-,2N2222A,c_current_max,800.0
-,2N2222A,dev_dissipation,500.0
-,2N2222A,stg_temp_min,-65
-,2N2222A,stg_temp_max,200
-,2N2222A,dc_gain_min,50.0
-,HCT2222A,polarity,NPN
-,HCT2222ATXV,polarity,NPN
-,HCT2222ATX,polarity,NPN
-,2SB07100QL,polarity,PNP
-,2SB07100QL,ce_v_max,25
-,2SB07100QL,c_current_max,500.0
-,2SB07100QL,dev_dissipation,200.0
-,2SB07100QL,stg_temp_max,150
-,2SB07100QL,dc_gain_min,25.0
-,2SB07100QL,polarity,PNP
-,2SB07100QL,ce_v_max,25
-,2SB07100QL,c_current_max,500.0
-,2SB07100QL,dev_dissipation,200.0
-,2SB07100QL,stg_temp_max,150
-,2SB07100QL,dc_gain_min,25.0
-,2SB07100QL,polarity,PNP
-,2SB07100QL,ce_v_max,25
-,2SB07100QL,c_current_max,500.0
-,2SB07100QL,dev_dissipation,200.0
-,2SB07100QL,stg_temp_max,150
-,2SB07100QL,dc_gain_min,25.0
-,2SB071000L,polarity,PNP
-,2SB071000L,ce_v_max,25
-,2SB071000L,c_current_max,500.0
-,2SB071000L,dev_dissipation,200.0
-,2SB071000L,stg_temp_max,150
-,2SB071000L,dc_gain_min,25.0
-,2SB071000L,polarity,PNP
-,2SB071000L,ce_v_max,25
-,2SB071000L,c_current_max,500.0
-,2SB071000L,dev_dissipation,200.0
-,2SB071000L,stg_temp_max,150
-,2SB071000L,dc_gain_min,25.0
-,FCX2016TC,polarity,PNP
-,FCX2016TC,ce_v_max,40
-,FCX2016TC,dc_gain_min,40.0
-,FCX2016TC,polarity,PNP
-,FCX2016TC,ce_v_max,40
-,FCX2016TC,dc_gain_min,40.0
-,FCX2016TC,polarity,PNP
-,FCX2016TC,ce_v_max,40
-,FCX2016TC,dc_gain_min,40.0
-,FCX2016TC,polarity,PNP
-,FCX2016TC,ce_v_max,40
-,FCX2016TC,dc_gain_min,40.0
-,2SA2112-AN,polarity,PNP
-,2SA2112-AN,ce_v_max,50
-,2SA2112-AN,c_current_max,3.0
-,2SA2112-AN,dev_dissipation,1.0
-,2SA2112-AN,stg_temp_max,150
-,2SA2112-AN,dc_gain_min,50.0
-,2SC3646S-P-TD-E,polarity,NPN
-,2SC3646S-P-TD-E,ce_v_max,100
-,2SC3646S-P-TD-E,c_current_max,1.0
-,2SC3646S-P-TD-E,dev_dissipation,500.0
-,2SC3646S-P-TD-E,dc_gain_min,100.0
-,2SC3646T-P-TD-E,polarity,NPN
-,2SC3646T-P-TD-E,ce_v_max,100
-,2SC3646T-P-TD-E,c_current_max,1.0
-,2SC3646T-P-TD-E,dev_dissipation,500.0
-,2SC3646T-P-TD-E,dc_gain_min,100.0
-,MCH3106-S-TL-E,polarity,PNP
-,MCH3106-S-TL-E,ce_v_max,12
-,MCH3106-S-TL-E,c_current_max,3.0
-,MCH3106-S-TL-E,dev_dissipation,900.0
-,MCH3106-S-TL-E,dc_gain_min,12.0
-,SNSS40600CF8T1G,polarity,PNP
-,SNSS40600CF8T1G,ce_v_max,40
-,SNSS40600CF8T1G,c_current_max,6.0
-,SNSS40600CF8T1G,dev_dissipation,830.0
-,SNSS40600CF8T1G,dc_gain_min,40.0
-,SPZT2907AT1G,polarity,PNP
-,SPZT2907AT1G,ce_v_max,60
-,SPZT2907AT1G,c_current_max,600.0
-,SPZT2907AT1G,dev_dissipation,1.0
-,SPZT2907AT1G,dc_gain_min,60.0
-,SPZT3904T1G,polarity,NPN
-,SPZT3904T1G,ce_v_max,40
-,SPZT3904T1G,c_current_max,200.0
-,SPZT3904T1G,dev_dissipation,1.0
-,SPZT3904T1G,dc_gain_min,40.0
-,SNSS35200MR6T1G,polarity,PNP
-,SNSS35200MR6T1G,ce_v_max,35
-,SNSS35200MR6T1G,c_current_max,2.0
-,SNSS35200MR6T1G,dev_dissipation,625.0
-,SNSS35200MR6T1G,dc_gain_min,35.0
-,BCX56-16T100,polarity,NPN
-,BCX56-16T100,ce_v_max,80
-,BCX56-16T100,c_current_max,1.0
-,BCX56-16T100,dev_dissipation,2.0
-,BCX56-16T100,dc_gain_min,80.0
-,SPZT2222AT1G,polarity,NPN
-,SPZT2222AT1G,ce_v_max,40
-,SPZT2222AT1G,c_current_max,600.0
-,SPZT2222AT1G,dev_dissipation,1.0
-,SPZT2222AT1G,dc_gain_min,40.0
-,2SC5706-P-TL-E,polarity,NPN
-,2SC5706-P-TL-E,ce_v_max,100
-,2SC5706-P-TL-E,c_current_max,5.0
-,2SC5706-P-TL-E,dev_dissipation,800.0
-,2SC5706-P-TL-E,dc_gain_min,100.0
-,2SC5706-P-E,polarity,NPN
-,2SC5706-P-E,ce_v_max,100
-,2SC5706-P-E,c_current_max,5.0
-,2SC5706-P-E,dev_dissipation,800.0
-,2SC5706-P-E,dc_gain_min,100.0
-,ZTX705STZ,polarity,PNP
-,ZTX705STZ,ce_v_max,120
-,ZTX705STZ,c_current_max,1.0
-,ZTX705STZ,dev_dissipation,1.0
-,ZTX705STZ,stg_temp_min,-55
-,ZTX705STZ,stg_temp_max,200
-,ZTX705STZ,dc_gain_min,120.0
-,2SB1203S-H-TL-E,polarity,PNP
-,2SB1203S-H-TL-E,ce_v_max,50
-,2SB1203S-H-TL-E,c_current_max,5.0
-,2SB1203S-H-TL-E,dev_dissipation,1.0
-,2SB1203S-H-TL-E,stg_temp_max,150
-,2SB1203S-H-TL-E,dc_gain_min,50.0
-,2SB1203T-H-TL-E,polarity,PNP
-,2SB1203T-H-TL-E,ce_v_max,50
-,2SB1203T-H-TL-E,c_current_max,5.0
-,2SB1203T-H-TL-E,dev_dissipation,1.0
-,2SB1203T-H-TL-E,stg_temp_max,150
-,2SB1203T-H-TL-E,dc_gain_min,50.0
-,BULD128DT4,polarity,NPN
-,2SC6017-TL-EX,polarity,NPN
-,2SC6017-TL-EX,ce_v_max,50
-,2SC6017-TL-EX,c_current_max,10.0
-,2SC6017-TL-EX,dev_dissipation,950.0
-,2SC6017-TL-EX,dc_gain_min,50.0
-,2SC6082-EPN-1E,polarity,NPN
-,2SC6082-EPN-1E,ce_v_max,50
-,2SC6082-EPN-1E,c_current_max,15.0
-,2SC6082-EPN-1E,dev_dissipation,2.0
-,2SC6082-EPN-1E,dc_gain_min,50.0
-,2SA2210-EPN-1EX,polarity,PNP
-,2SA2210-EPN-1EX,ce_v_max,50
-,2SA2210-EPN-1EX,c_current_max,20.0
-,2SA2210-EPN-1EX,dev_dissipation,2.0
-,2SA2210-EPN-1EX,dc_gain_min,50.0
-,KSC1675COBU,polarity,NPN
-,KSC1675COBU,ce_v_max,30
-,KSC1675COBU,c_current_max,50.0
-,KSC1675COBU,dev_dissipation,250.0
-,KSC1675COBU,dc_gain_min,30.0
-,KSC1675RBU,polarity,NPN
-,KSC1675RBU,ce_v_max,30
-,KSC1675RBU,c_current_max,50.0
-,KSC1675RBU,dev_dissipation,250.0
-,KSC1675RBU,dc_gain_min,30.0
-,KSC1675CYTA,polarity,NPN
-,KSC1675CYTA,ce_v_max,30
-,KSC1675CYTA,c_current_max,50.0
-,KSC1675CYTA,dev_dissipation,250.0
-,KSC1675CYTA,dc_gain_min,30.0
-,KSC1675CYBU,polarity,NPN
-,KSC1675CYBU,ce_v_max,30
-,KSC1675CYBU,c_current_max,50.0
-,KSC1675CYBU,dev_dissipation,250.0
-,KSC1675CYBU,dc_gain_min,30.0
-,KSC1675OTA,polarity,NPN
-,KSC1675OTA,ce_v_max,30
-,KSC1675OTA,c_current_max,50.0
-,KSC1675OTA,dev_dissipation,250.0
-,KSC1675OTA,dc_gain_min,30.0
-,KSC1675YBU,polarity,NPN
-,KSC1675YBU,ce_v_max,30
-,KSC1675YBU,c_current_max,50.0
-,KSC1675YBU,dev_dissipation,250.0
-,KSC1675YBU,dc_gain_min,30.0
-,KSC1675CRBU,polarity,NPN
-,KSC1675CRBU,ce_v_max,30
-,KSC1675CRBU,c_current_max,50.0
-,KSC1675CRBU,dev_dissipation,250.0
-,KSC1675CRBU,dc_gain_min,30.0
-,KSC1675YS1TA,polarity,NPN
-,KSC1675YS1TA,ce_v_max,30
-,KSC1675YS1TA,c_current_max,50.0
-,KSC1675YS1TA,dev_dissipation,250.0
-,KSC1675YS1TA,dc_gain_min,30.0
-,KSC1675OBU,polarity,NPN
-,KSC1675OBU,ce_v_max,30
-,KSC1675OBU,c_current_max,50.0
-,KSC1675OBU,dev_dissipation,250.0
-,KSC1675OBU,dc_gain_min,30.0
-,KSC1675YTA,polarity,NPN
-,KSC1675YTA,ce_v_max,30
-,KSC1675YTA,c_current_max,50.0
-,KSC1675YTA,dev_dissipation,250.0
-,KSC1675YTA,dc_gain_min,30.0
-,KS3302BU,polarity,NPN
-,KS3302BU,ce_v_max,40
-,KS3302BU,c_current_max,200.0
-,KS3302BU,dc_gain_min,40.0
-,KSP12TA,polarity,NPN
-,KSP12TA,ce_v_max,20
-,KSP12TA,dev_dissipation,625.0
-,KSP12TA,stg_temp_max,150
-,KSP12TA,dc_gain_min,20.0
-,KSP12BU,polarity,NPN
-,KSP12BU,ce_v_max,20
-,KSP12BU,dev_dissipation,625.0
-,KSP12BU,stg_temp_max,150
-,KSP12BU,dc_gain_min,20.0
-,KS3302TA,polarity,NPN
-,KS3302TA,ce_v_max,40
-,KS3302TA,c_current_max,200.0
-,KS3302TA,dc_gain_min,40.0
-,KSA910YSHTA,polarity,PNP
-,KSA910YSHTA,ce_v_max,150
-,KSA910YSHTA,c_current_max,50.0
-,KSA910YSHTA,dev_dissipation,800.0
-,KSA910YSHTA,dc_gain_min,150.0
-,PN4141,polarity,NPN
-,PN4141,ce_v_max,30
-,PN4141,c_current_max,500.0
-,PN4141,dev_dissipation,625.0
-,PN4141,dc_gain_min,30.0
-,FJN5471BU,polarity,NPN
-,FJN5471BU,ce_v_max,20
-,FJN5471BU,c_current_max,5.0
-,FJN5471BU,dev_dissipation,750.0
-,FJN5471BU,stg_temp_max,150
-,FJN5471BU,dc_gain_min,20.0
-,FJN5471TA,polarity,NPN
-,FJN5471TA,ce_v_max,20
-,FJN5471TA,c_current_max,5.0
-,FJN5471TA,dev_dissipation,750.0
-,FJN5471TA,stg_temp_max,150
-,FJN5471TA,dc_gain_min,20.0
-,ST57711,polarity,PNP
-,ST57711,ce_v_max,15
-,ST57711,c_current_max,200.0
-,ST57711,dev_dissipation,350.0
-,ST57711,dc_gain_min,15.0
-,PN930,polarity,NPN
-,PN930,ce_v_max,45
-,PN930,c_current_max,100.0
-,PN930,dev_dissipation,625.0
-,PN930,dc_gain_min,45.0
-,KSA910OBU,polarity,PNP
-,KSA910OBU,ce_v_max,150
-,KSA910OBU,c_current_max,50.0
-,KSA910OBU,dev_dissipation,800.0
-,KSA910OBU,dc_gain_min,150.0
-,KSA910YTA,polarity,PNP
-,KSA910YTA,ce_v_max,150
-,KSA910YTA,c_current_max,50.0
-,KSA910YTA,dev_dissipation,800.0
-,KSA910YTA,dc_gain_min,150.0
-,KSA910YBU,polarity,PNP
-,KSA910YBU,ce_v_max,150
-,KSA910YBU,c_current_max,50.0
-,KSA910YBU,dev_dissipation,800.0
-,KSA910YBU,dc_gain_min,150.0
-,FJN5471PWD,polarity,NPN
-,FJN5471PWD,ce_v_max,20
-,FJN5471PWD,c_current_max,5.0
-,FJN5471PWD,dev_dissipation,750.0
-,FJN5471PWD,stg_temp_max,150
-,FJN5471PWD,dc_gain_min,20.0
-,KSA1625KTA,polarity,PNP
-,KSA1625KTA,ce_v_max,400
-,KSA1625KTA,c_current_max,500.0
-,KSA1625KTA,dev_dissipation,750.0
-,KSA1625KTA,stg_temp_max,150
-,KSA1625KTA,dc_gain_min,400.0
-,KSA1625KBU,polarity,PNP
-,KSA1625KBU,ce_v_max,400
-,KSA1625KBU,c_current_max,500.0
-,KSA1625KBU,dev_dissipation,750.0
-,KSA1625KBU,stg_temp_max,150
-,KSA1625KBU,dc_gain_min,400.0
-,FJYF2906PWD,polarity,PNP
-,FJYF2906PWD,ce_v_max,40
-,FJYF2906PWD,c_current_max,150.0
-,FJYF2906PWD,dev_dissipation,150.0
-,FJYF2906PWD,stg_temp_min,-55
-,FJYF2906PWD,stg_temp_max,150
-,FJYF2906PWD,dc_gain_min,40.0
-,KSE182STU,polarity,NPN
-,KSE182STU,ce_v_max,80
-,KSE182STU,c_current_max,3.0
-,KSE182STU,dev_dissipation,1.0
-,KSE182STU,dc_gain_min,80.0
-,KSE181STU,polarity,NPN
-,KSE181STU,ce_v_max,60
-,KSE181STU,c_current_max,3.0
-,KSE181STU,dev_dissipation,1.0
-,KSE181STU,dc_gain_min,60.0
-,KSE180S,polarity,NPN
-,KSE180S,ce_v_max,40
-,KSE180S,c_current_max,3.0
-,KSE180S,dev_dissipation,1.0
-,KSE180S,dc_gain_min,40.0
-,2SA733P,polarity,PNP
-,2SA733P,ce_v_max,50
-,2SA733P,c_current_max,500.0
-,2SA733P,dev_dissipation,625.0
-,2SA733P,stg_temp_min,-55
-,2SA733P,stg_temp_max,150
-,2SA733P,dc_gain_min,50.0
-,2SA733P_D26Z,polarity,PNP
-,2SA733P_D26Z,ce_v_max,50
-,2SA733P_D26Z,c_current_max,500.0
-,2SA733P_D26Z,dev_dissipation,625.0
-,2SA733P_D26Z,stg_temp_min,-55
-,2SA733P_D26Z,stg_temp_max,150
-,2SA733P_D26Z,dc_gain_min,50.0
-,BCX599,polarity,NPN
-,BCX599_D26Z,polarity,NPN
-,BCX599_D27Z,polarity,NPN
-,BCX599_D74Z,polarity,NPN
-,BCX599_J35Z,polarity,NPN
-,BCX799_J35Z,polarity,PNP
-,BCX799_J35Z,ce_v_max,45
-,BCX799_J35Z,c_current_max,500.0
-,BCX799_J35Z,dev_dissipation,625.0
-,BCX799_J35Z,dc_gain_min,45.0
-,MPSA10_D74Z,polarity,NPN
-,MPSA10_D74Z,ce_v_max,40
-,MPSA10_D74Z,c_current_max,100.0
-,MPSA10_D74Z,dev_dissipation,625.0
-,MPSA10_D74Z,stg_temp_max,150
-,MPSA10_D74Z,dc_gain_min,40.0
-,BULB903EDT4,polarity,NPN
-,"PHD13005AD,127",polarity,NPN
-,"PHD13005AD,127",ce_v_max,700
-,"PHD13005AD,127",c_current_max,4.0
-,"PHD13005AD,127",dc_gain_min,700.0
-,2SC4731S-AY,polarity,NPN
-,2SC4731S-AY,ce_v_max,100
-,2SC4731S-AY,c_current_max,4.0
-,2SC4731S-AY,dev_dissipation,1.0
-,2SC4731S-AY,dc_gain_min,100.0
-,2SC4731T-AY,polarity,NPN
-,2SC4731T-AY,ce_v_max,100
-,2SC4731T-AY,c_current_max,4.0
-,2SC4731T-AY,dev_dissipation,1.0
-,2SC4731T-AY,dc_gain_min,100.0
-,2SC4837S-AY,polarity,NPN
-,2SC4837S-AY,ce_v_max,50
-,2SC4837S-AY,c_current_max,4.0
-,2SC4837S-AY,dev_dissipation,1.0
-,2SC4837S-AY,dc_gain_min,50.0
-,2SA1827S-AY,polarity,PNP
-,2SA1827S-AY,ce_v_max,100
-,2SA1827S-AY,c_current_max,4.0
-,2SA1827S-AY,dev_dissipation,1.0
-,2SA1827S-AY,dc_gain_min,100.0
-,2SC5291S-AY,polarity,NPN
-,2SC5291S-AY,ce_v_max,160
-,2SC5291S-AY,c_current_max,1.0
-,2SC5291S-AY,dev_dissipation,1.0
-,2SC5291S-AY,dc_gain_min,160.0
-,TIPL761B-S,polarity,NPN
-,TIPL761B-S,ce_v_max,500
-,TIPL761B-S,c_current_max,4.0
-,TIPL761B-S,dev_dissipation,100.0
-,TIPL761B-S,dc_gain_min,500.0
-,TIPL761C-S,polarity,NPN
-,TIPL761C-S,ce_v_max,550
-,TIPL761C-S,c_current_max,4.0
-,TIPL761C-S,dev_dissipation,100.0
-,TIPL761C-S,dc_gain_min,550.0
-,BD239D-S,polarity,NPN
-,BD239D-S,ce_v_max,120
-,BD239D-S,c_current_max,2.0
-,BD239D-S,dev_dissipation,2.0
-,BD239D-S,dc_gain_min,120.0
-,BD239E-S,polarity,NPN
-,BD239E-S,ce_v_max,140
-,BD239E-S,c_current_max,2.0
-,BD239E-S,dev_dissipation,2.0
-,BD239E-S,dc_gain_min,140.0
-,BD241E-S,polarity,NPN
-,BD241E-S,ce_v_max,140
-,BD241E-S,c_current_max,3.0
-,BD241E-S,dev_dissipation,2.0
-,BD241E-S,dc_gain_min,140.0
-,BD241F-S,polarity,NPN
-,BD241F-S,ce_v_max,160
-,BD241F-S,c_current_max,3.0
-,BD241F-S,dev_dissipation,2.0
-,BD241F-S,dc_gain_min,160.0
-,TIP29D-S,polarity,NPN
-,TIP29D-S,ce_v_max,120
-,TIP29D-S,c_current_max,1.0
-,TIP29D-S,dev_dissipation,2.0
-,TIP29D-S,dc_gain_min,120.0
-,TIP29F-S,polarity,NPN
-,TIP29F-S,ce_v_max,160
-,TIP29F-S,c_current_max,1.0
-,TIP29F-S,dev_dissipation,2.0
-,TIP29F-S,dc_gain_min,160.0
-,BD241D-S,polarity,NPN
-,BD241D-S,ce_v_max,120
-,BD241D-S,c_current_max,3.0
-,BD241D-S,dev_dissipation,2.0
-,BD241D-S,dc_gain_min,120.0
-,TIP31D-S,polarity,NPN
-,TIP31D-S,ce_v_max,120
-,TIP31D-S,c_current_max,3.0
-,TIP31D-S,dev_dissipation,2.0
-,TIP31D-S,dc_gain_min,120.0
-,TIP29E-S,polarity,NPN
-,TIP29E-S,ce_v_max,140
-,TIP29E-S,c_current_max,1.0
-,TIP29E-S,dev_dissipation,2.0
-,TIP29E-S,dc_gain_min,140.0
-,TIP31E-S,polarity,NPN
-,TIP31E-S,ce_v_max,140
-,TIP31E-S,c_current_max,3.0
-,TIP31E-S,dev_dissipation,2.0
-,TIP31E-S,dc_gain_min,140.0
-,BD239F-S,polarity,NPN
-,BD239F-S,ce_v_max,160
-,BD239F-S,c_current_max,2.0
-,BD239F-S,dev_dissipation,2.0
-,BD239F-S,dc_gain_min,160.0
-,TIP31F-S,polarity,NPN
-,TIP31F-S,ce_v_max,160
-,TIP31F-S,c_current_max,3.0
-,TIP31F-S,dev_dissipation,2.0
-,TIP31F-S,dc_gain_min,160.0
-,BD898A-S,polarity,PNP
-,BD898A-S,ce_v_max,60
-,BD898A-S,c_current_max,8.0
-,BD898A-S,dev_dissipation,2.0
-,BD898A-S,dc_gain_min,60.0
-,KSC5042MSTU,polarity,NPN
-,KSC5042MSTU,ce_v_max,900
-,KSC5042MSTU,c_current_max,100.0
-,KSC5042MSTU,dev_dissipation,6.0
-,KSC5042MSTU,dc_gain_min,900.0
-,KSD1417TU,polarity,NPN
-,KSD1417TU,ce_v_max,60
-,KSD1417TU,c_current_max,7.0
-,KSD1417TU,dev_dissipation,2.0
-,KSD1417TU,dc_gain_min,60.0
-,FJPF5321TU,polarity,NPN
-,FJPF5321TU,ce_v_max,500
-,FJPF5321TU,c_current_max,5.0
-,FJPF5321TU,dev_dissipation,40.0
-,FJPF5321TU,stg_temp_max,150
-,FJPF5321TU,dc_gain_min,500.0
-,KSC5024RTU,polarity,NPN
-,KSC5024RTU,ce_v_max,500
-,KSC5024RTU,c_current_max,10.0
-,KSC5024RTU,dev_dissipation,90.0
-,KSC5024RTU,stg_temp_max,150
-,KSC5024RTU,dc_gain_min,500.0
-,FJAF6810ATU,polarity,NPN
-,FJAF6810ATU,ce_v_max,750
-,FJAF6810ATU,c_current_max,10.0
-,FJAF6810ATU,dev_dissipation,60.0
-,FJAF6810ATU,stg_temp_max,150
-,FJAF6810ATU,dc_gain_min,750.0
-,FJAF6810AYDTBTU,polarity,NPN
-,FJAF6810AYDTBTU,ce_v_max,750
-,FJAF6810AYDTBTU,c_current_max,10.0
-,FJAF6810AYDTBTU,dev_dissipation,60.0
-,FJAF6810AYDTBTU,stg_temp_max,150
-,FJAF6810AYDTBTU,dc_gain_min,750.0
-,JANTXV2N3902,polarity,NPN
-,JANTXV2N3902,ce_v_max,400
-,JANTXV2N3902,c_current_max,3.0
-,JANTXV2N3902,dev_dissipation,5.0
-,JANTXV2N3902,stg_temp_min,-65
-,JANTXV2N3902,stg_temp_max,200
-,JANTXV2N3902,dc_gain_min,400.0
-,JANTXV2N5157,polarity,NPN
-,JANTXV2N5157,ce_v_max,500
-,JANTXV2N5157,c_current_max,3.0
-,JANTXV2N5157,dev_dissipation,5.0
-,JANTXV2N5157,stg_temp_max,200
-,JANTXV2N5157,dc_gain_min,500.0
-,JANS2N3634UB,polarity,PNP
-,JANS2N3634UB,ce_v_max,140
-,JANS2N3634UB,c_current_max,1.0
-,JANS2N3634UB,dev_dissipation,1.0
-,JANS2N3634UB,stg_temp_min,-65
-,JANS2N3634UB,stg_temp_max,200
-,JANS2N3634UB,dc_gain_min,140.0
-,BCV48H6327XTSA1,polarity,PNP
-,BCV48H6327XTSA1,ce_v_max,60
-,BCV48H6327XTSA1,c_current_max,500.0
-,BCV48H6327XTSA1,dev_dissipation,1.0
-,BCV48H6327XTSA1,stg_temp_max,150
-,BCV48H6327XTSA1,dc_gain_min,60.0
-,BCV28H6327XTSA1,polarity,PNP
-,BCV28H6327XTSA1,ce_v_max,30
-,BCV28H6327XTSA1,c_current_max,500.0
-,BCV28H6327XTSA1,dev_dissipation,1.0
-,BCV28H6327XTSA1,stg_temp_max,150
-,BCV28H6327XTSA1,dc_gain_min,30.0
-,PN3566,polarity,NPN
-,PN3566,ce_v_max,30
-,PN3566,c_current_max,600.0
-,PN3566,dev_dissipation,625.0
-,PN3566,dc_gain_min,30.0
-,MPS6514,polarity,NPN
-,MPS6514,ce_v_max,25
-,MPS6514,c_current_max,200.0
-,MPS6514,dev_dissipation,625.0
-,MPS6514,stg_temp_min,-55
-,MPS6514,stg_temp_max,150
-,MPS6514,dc_gain_min,25.0
-,2N3904PH,polarity,NPN
-,2N3904PH,ce_v_max,40
-,2N3904PH,c_current_max,200.0
-,2N3904PH,dev_dissipation,625.0
-,2N3904PH,dc_gain_min,40.0
-,MPSA42PH,polarity,NPN
-,MPSA42PH,ce_v_max,300
-,MPSA42PH,c_current_max,500.0
-,MPSA42PH,dev_dissipation,625.0
-,MPSA42PH,dc_gain_min,300.0
-,KSH30TF,polarity,PNP
-,KSH30TF,ce_v_max,40
-,KSH30TF,c_current_max,1.0
-,KSH30TF,dev_dissipation,1.0
-,KSH30TF,stg_temp_max,150
-,KSH30TF,dc_gain_min,40.0
-,KSH30TF,polarity,PNP
-,KSH30TF,ce_v_max,40
-,KSH30TF,c_current_max,1.0
-,KSH30TF,dev_dissipation,1.0
-,KSH30TF,stg_temp_max,150
-,KSH30TF,dc_gain_min,40.0
-,KSH30TF,polarity,PNP
-,KSH30TF,ce_v_max,40
-,KSH30TF,c_current_max,1.0
-,KSH30TF,dev_dissipation,1.0
-,KSH30TF,stg_temp_max,150
-,KSH30TF,dc_gain_min,40.0
-,2SC4617,polarity,NPN
-,2SC4617,ce_v_max,50
-,2SC4617,c_current_max,100.0
-,2SC4617,dev_dissipation,125.0
-,2SC4617,dc_gain_min,50.0
-,2SC4617T1,polarity,NPN
-,2SC4617T1,ce_v_max,50
-,2SC4617T1,c_current_max,100.0
-,2SC4617T1,dev_dissipation,125.0
-,2SC4617T1,dc_gain_min,50.0
-,FJAF4310OTU,polarity,NPN
-,FJAF4310OTU,ce_v_max,140
-,FJAF4310OTU,c_current_max,10.0
-,FJAF4310OTU,dev_dissipation,80.0
-,FJAF4310OTU,stg_temp_max,150
-,FJAF4310OTU,dc_gain_min,140.0
-,FJAF4210OTU,polarity,PNP
-,FJAF4210OTU,ce_v_max,140
-,FJAF4210OTU,c_current_max,10.0
-,FJAF4210OTU,dev_dissipation,80.0
-,FJAF4210OTU,stg_temp_max,150
-,FJAF4210OTU,dc_gain_min,140.0
-,FJAF4210YTU,polarity,PNP
-,FJAF4210YTU,ce_v_max,140
-,FJAF4210YTU,c_current_max,10.0
-,FJAF4210YTU,dev_dissipation,80.0
-,FJAF4210YTU,stg_temp_max,150
-,FJAF4210YTU,dc_gain_min,140.0
-,FJAF4210RTU,polarity,PNP
-,FJAF4210RTU,ce_v_max,140
-,FJAF4210RTU,c_current_max,10.0
-,FJAF4210RTU,dev_dissipation,80.0
-,FJAF4210RTU,stg_temp_max,150
-,FJAF4210RTU,dc_gain_min,140.0
-,BCX799,polarity,PNP
-,BCX799,ce_v_max,45
-,BCX799,c_current_max,500.0
-,BCX799,dev_dissipation,625.0
-,BCX799,dc_gain_min,45.0
-,2N3253,polarity,NPN
-,2N3253,ce_v_max,75
-,2N3253,dc_gain_min,75.0
-,JANTX2N5682,polarity,NPN
-,JANTX2N5682,ce_v_max,120
-,JANTX2N5682,c_current_max,1.0
-,JANTX2N5682,dev_dissipation,1.0
-,JANTX2N5682,stg_temp_min,-65
-,JANTX2N5682,stg_temp_max,200
-,JANTX2N5682,dc_gain_min,120.0
-,JANTX2N3739,polarity,NPN
-,JANTX2N3739,ce_v_max,300
-,JANTX2N3739,c_current_max,1.0
-,JANTX2N3739,dev_dissipation,20.0
-,JANTX2N3739,stg_temp_min,-55
-,JANTX2N3739,stg_temp_max,200
-,JANTX2N3739,dc_gain_min,300.0
-,ZUMT2369ATA,polarity,NPN
-,ZUMT2369ATA,ce_v_max,15
-,ZUMT2369ATA,c_current_max,200.0
-,ZUMT2369ATA,dc_gain_min,15.0
-,ZUMT2369ATA,polarity,NPN
-,ZUMT2369ATA,ce_v_max,15
-,ZUMT2369ATA,c_current_max,200.0
-,ZUMT2369ATA,dc_gain_min,15.0
-,BCX799_D27Z,polarity,PNP
-,BCX799_D27Z,ce_v_max,45
-,BCX799_D27Z,c_current_max,500.0
-,BCX799_D27Z,dev_dissipation,625.0
-,BCX799_D27Z,dc_gain_min,45.0
-,BST62-70TA,polarity,PNP
-,BST62-70TA,ce_v_max,72
-,BST62-70TA,c_current_max,500.0
-,BST62-70TA,dev_dissipation,1.0
-,BST62-70TA,dc_gain_min,72.0
-,FZT49A3TA,polarity,NPN
-,FZT49A3TA,ce_v_max,100
-,FZT49A3TA,c_current_max,1.0
-,FZT49A3TA,dev_dissipation,2.0
-,FZT49A3TA,dc_gain_min,100.0
-,ZTX10470ASTOA,polarity,NPN
-,ZTX10470ASTOA,ce_v_max,10
-,ZTX10470ASTOA,c_current_max,4.0
-,ZTX10470ASTOA,dev_dissipation,1.0
-,ZTX10470ASTOA,dc_gain_min,10.0
-,ZTX10470ASTOB,polarity,NPN
-,ZTX10470ASTOB,ce_v_max,10
-,ZTX10470ASTOB,c_current_max,4.0
-,ZTX10470ASTOB,dev_dissipation,1.0
-,ZTX10470ASTOB,dc_gain_min,10.0
-,ZTX705STOA,polarity,PNP
-,ZTX705STOA,ce_v_max,120
-,ZTX705STOA,c_current_max,1.0
-,ZTX705STOA,dev_dissipation,1.0
-,ZTX705STOA,stg_temp_min,-55
-,ZTX705STOA,stg_temp_max,200
-,ZTX705STOA,dc_gain_min,120.0
-,ZTX705STOB,polarity,PNP
-,ZTX705STOB,ce_v_max,120
-,ZTX705STOB,c_current_max,1.0
-,ZTX705STOB,dev_dissipation,1.0
-,ZTX705STOB,stg_temp_min,-55
-,ZTX705STOB,stg_temp_max,200
-,ZTX705STOB,dc_gain_min,120.0
-,ZTX717,polarity,PNP
-,ZTX717,ce_v_max,12
-,ZTX717,c_current_max,3.0
-,ZTX717,dc_gain_min,12.0
-,ZTX717STOA,polarity,PNP
-,ZTX717STOA,ce_v_max,12
-,ZTX717STOA,c_current_max,3.0
-,ZTX717STOA,dc_gain_min,12.0
-,ZTX717STOB,polarity,PNP
-,ZTX717STOB,ce_v_max,12
-,ZTX717STOB,c_current_max,3.0
-,ZTX717STOB,dc_gain_min,12.0
-,ZTX717STZ,polarity,PNP
-,ZTX717STZ,ce_v_max,12
-,ZTX717STZ,c_current_max,3.0
-,ZTX717STZ,dc_gain_min,12.0
-,ZTX776STOA,polarity,PNP
-,ZTX776STOA,ce_v_max,200
-,ZTX776STOA,c_current_max,1.0
-,ZTX776STOA,dev_dissipation,1.0
-,ZTX776STOA,stg_temp_min,-55
-,ZTX776STOA,stg_temp_max,200
-,ZTX776STOA,dc_gain_min,200.0
-,ZTX776STOB,polarity,PNP
-,ZTX776STOB,ce_v_max,200
-,ZTX776STOB,c_current_max,1.0
-,ZTX776STOB,dev_dissipation,1.0
-,ZTX776STOB,stg_temp_min,-55
-,ZTX776STOB,stg_temp_max,200
-,ZTX776STOB,dc_gain_min,200.0
-,ZTX776STZ,polarity,PNP
-,ZTX776STZ,ce_v_max,200
-,ZTX776STZ,c_current_max,1.0
-,ZTX776STZ,dev_dissipation,1.0
-,ZTX776STZ,stg_temp_min,-55
-,ZTX776STZ,stg_temp_max,200
-,ZTX776STZ,dc_gain_min,200.0
-,FJN3301RBU,polarity,NPN
-,FJN3301RBU,ce_v_max,50
-,FJN3301RBU,c_current_max,100.0
-,FJN3301RBU,dev_dissipation,300.0
-,FJN3301RBU,stg_temp_max,150
-,FJN3301RBU,dc_gain_min,50.0
-,FJN3301RTA,polarity,NPN
-,FJN3301RTA,ce_v_max,50
-,FJN3301RTA,c_current_max,100.0
-,FJN3301RTA,dev_dissipation,300.0
-,FJN3301RTA,stg_temp_max,150
-,FJN3301RTA,dc_gain_min,50.0
-,FJN3301RTA,polarity,NPN
-,FJN3301RTA,ce_v_max,50
-,FJN3301RTA,c_current_max,100.0
-,FJN3301RTA,dev_dissipation,300.0
-,FJN3301RTA,stg_temp_max,150
-,FJN3301RTA,dc_gain_min,50.0
-,2SC3940ASA,polarity,NPN
-,2SC3940ASA,ce_v_max,50
-,2SC3940ASA,c_current_max,1.0
-,2SC3940ASA,dev_dissipation,1.0
-,2SC3940ASA,stg_temp_max,150
-,2SC3940ASA,dc_gain_min,50.0
-,2SC3940ASA,polarity,NPN
-,2SC3940ASA,ce_v_max,50
-,2SC3940ASA,c_current_max,1.0
-,2SC3940ASA,dev_dissipation,1.0
-,2SC3940ASA,stg_temp_max,150
-,2SC3940ASA,dc_gain_min,50.0
-,2N4923,polarity,NPN
-,2N4923,ce_v_max,80
-,2N4923,c_current_max,1.0
-,2N4923,dev_dissipation,30.0
-,2N4923,stg_temp_max,150
-,2N4923,dc_gain_min,80.0
-,2SC5732TLQ,polarity,NPN
-,2SC5732TLQ,ce_v_max,30
-,2SC5732TLQ,c_current_max,5.0
-,2SC5732TLQ,dc_gain_min,30.0
-,BCX71JT116,polarity,PNP
-,BCX71JT116,ce_v_max,45
-,BCX71JT116,c_current_max,200.0
-,BCX71JT116,dc_gain_min,45.0
-,BC213_J35Z,polarity,PNP
-,BC213_J35Z,ce_v_max,30
-,BC213_J35Z,c_current_max,500.0
-,BC213_J35Z,dev_dissipation,625.0
-,BC213_J35Z,dc_gain_min,30.0
-,KSC5030FRTU,polarity,NPN
-,KSC5030FRTU,ce_v_max,800
-,KSC5030FRTU,c_current_max,6.0
-,KSC5030FRTU,dev_dissipation,60.0
-,KSC5030FRTU,dc_gain_min,800.0
-,MPS6514_D26Z,polarity,NPN
-,MPS6514_D26Z,ce_v_max,25
-,MPS6514_D26Z,c_current_max,200.0
-,MPS6514_D26Z,dev_dissipation,625.0
-,MPS6514_D26Z,stg_temp_min,-55
-,MPS6514_D26Z,stg_temp_max,150
-,MPS6514_D26Z,dc_gain_min,25.0
-,MPS6514_D27Z,polarity,NPN
-,MPS6514_D27Z,ce_v_max,25
-,MPS6514_D27Z,c_current_max,200.0
-,MPS6514_D27Z,dev_dissipation,625.0
-,MPS6514_D27Z,stg_temp_min,-55
-,MPS6514_D27Z,stg_temp_max,150
-,MPS6514_D27Z,dc_gain_min,25.0
-,MPS6514_D74Z,polarity,NPN
-,MPS6514_D74Z,ce_v_max,25
-,MPS6514_D74Z,c_current_max,200.0
-,MPS6514_D74Z,dev_dissipation,625.0
-,MPS6514_D74Z,stg_temp_min,-55
-,MPS6514_D74Z,stg_temp_max,150
-,MPS6514_D74Z,dc_gain_min,25.0
-,PN3566_D26Z,polarity,NPN
-,PN3566_D26Z,ce_v_max,30
-,PN3566_D26Z,c_current_max,600.0
-,PN3566_D26Z,dev_dissipation,625.0
-,PN3566_D26Z,dc_gain_min,30.0
-,PN3566_D75Z,polarity,NPN
-,PN3566_D75Z,ce_v_max,30
-,PN3566_D75Z,c_current_max,600.0
-,PN3566_D75Z,dev_dissipation,625.0
-,PN3566_D75Z,dc_gain_min,30.0
-,PN930_D75Z,polarity,NPN
-,PN930_D75Z,ce_v_max,45
-,PN930_D75Z,c_current_max,100.0
-,PN930_D75Z,dev_dissipation,625.0
-,PN930_D75Z,dc_gain_min,45.0
-,MMSTA14T146,polarity,NPN
-,MMSTA14T146,ce_v_max,30
-,MMSTA14T146,c_current_max,500.0
-,MMSTA14T146,dev_dissipation,200.0
-,MMSTA14T146,dc_gain_min,30.0
-,MCH3144-TL-E,polarity,PNP
-,MCH3144-TL-E,ce_v_max,30
-,MCH3144-TL-E,c_current_max,2.0
-,MCH3144-TL-E,dev_dissipation,800.0
-,MCH3144-TL-E,dc_gain_min,30.0
-,SNSS20101JT1G,polarity,NPN
-,SNSS20101JT1G,ce_v_max,20
-,SNSS20101JT1G,c_current_max,1.0
-,SNSS20101JT1G,dev_dissipation,225.0
-,SNSS20101JT1G,dc_gain_min,20.0
-,MCH3106-TL-E,polarity,PNP
-,MCH3106-TL-E,ce_v_max,12
-,MCH3106-TL-E,c_current_max,3.0
-,MCH3106-TL-E,dev_dissipation,900.0
-,MCH3106-TL-E,dc_gain_min,12.0
-,STX13005-APH,polarity,NPN
-,STX13005-APH,ce_v_max,400
-,STX13005-APH,c_current_max,3.0
-,STX13005-APH,dev_dissipation,2.0
-,STX13005-APH,dc_gain_min,400.0
-,ZXTP4001ZTA,polarity,PNP
-,ZXTP4001ZTA,ce_v_max,60
-,ZXTP4001ZTA,c_current_max,1.0
-,ZXTP4001ZTA,dev_dissipation,1.0
-,ZXTP4001ZTA,stg_temp_min,-55
-,ZXTP4001ZTA,stg_temp_max,150
-,ZXTP4001ZTA,dc_gain_min,60.0
-,MBT35200MT2G,polarity,PNP
-,MBT35200MT2G,ce_v_max,35
-,MBT35200MT2G,c_current_max,2.0
-,MBT35200MT2G,dev_dissipation,625.0
-,MBT35200MT2G,dc_gain_min,35.0
-,SNSS30201MR6T1G,polarity,NPN
-,SNSS30201MR6T1G,ce_v_max,30
-,SNSS30201MR6T1G,c_current_max,2.0
-,SNSS30201MR6T1G,dev_dissipation,535.0
-,SNSS30201MR6T1G,dc_gain_min,30.0
-,2SC4487T-AN,polarity,NPN
-,2SC4487T-AN,ce_v_max,50
-,2SC4487T-AN,c_current_max,300.0
-,2SC4487T-AN,dev_dissipation,1.0
-,2SC4487T-AN,stg_temp_max,150
-,2SC4487T-AN,dc_gain_min,50.0
-,2SA2124-S-TD-E,polarity,PNP
-,2SA2124-S-TD-E,ce_v_max,30
-,2SA2124-S-TD-E,c_current_max,2.0
-,2SA2124-S-TD-E,dev_dissipation,3.0
-,2SA2124-S-TD-E,dc_gain_min,30.0
-,2SC5964-S-TD-E,polarity,NPN
-,2SC5964-S-TD-E,ce_v_max,50
-,2SC5964-S-TD-E,c_current_max,3.0
-,2SC5964-S-TD-E,dev_dissipation,1.0
-,2SC5964-S-TD-E,dc_gain_min,50.0
-,2SC5964-S-TD-H,polarity,NPN
-,2SC5964-S-TD-H,ce_v_max,50
-,2SC5964-S-TD-H,c_current_max,3.0
-,2SC5964-S-TD-H,dev_dissipation,1.0
-,2SC5964-S-TD-H,dc_gain_min,50.0
-,2SA2039-H,polarity,PNP
-,2SA2039-H,ce_v_max,50
-,2SA2039-H,c_current_max,5.0
-,2SA2039-H,dev_dissipation,800.0
-,2SA2039-H,dc_gain_min,50.0
-,2SA2039-TL-H,polarity,PNP
-,2SA2039-TL-H,ce_v_max,50
-,2SA2039-TL-H,c_current_max,5.0
-,2SA2039-TL-H,dev_dissipation,800.0
-,2SA2039-TL-H,dc_gain_min,50.0
-,CPH3216-TL-EX,polarity,NPN
-,CPH3216-TL-EX,ce_v_max,50
-,CPH3216-TL-EX,c_current_max,1.0
-,CPH3216-TL-EX,dev_dissipation,900.0
-,CPH3216-TL-EX,dc_gain_min,50.0
-,SPZTA42T1G,polarity,NPN
-,SPZTA42T1G,ce_v_max,300
-,SPZTA42T1G,c_current_max,500.0
-,SPZTA42T1G,dev_dissipation,1.0
-,SPZTA42T1G,dc_gain_min,300.0
-,PCP1208-TD-H,polarity,NPN
-,PCP1208-TD-H,ce_v_max,30
-,PCP1208-TD-H,c_current_max,1.0
-,PCP1208-TD-H,dev_dissipation,1.0
-,PCP1208-TD-H,dc_gain_min,30.0
-,2SA2125-S-TD-E,polarity,PNP
-,2SA2125-S-TD-E,ce_v_max,50
-,2SA2125-S-TD-E,c_current_max,3.0
-,2SA2125-S-TD-E,dev_dissipation,3.0
-,2SA2125-S-TD-E,dc_gain_min,50.0
-,2SA2125-S-TD-H,polarity,PNP
-,2SA2125-S-TD-H,ce_v_max,50
-,2SA2125-S-TD-H,c_current_max,3.0
-,2SA2125-S-TD-H,dev_dissipation,3.0
-,2SA2125-S-TD-H,dc_gain_min,50.0
-,CPH3205-M-TL-E,polarity,NPN
-,CPH3205-M-TL-E,ce_v_max,50
-,CPH3205-M-TL-E,c_current_max,3.0
-,CPH3205-M-TL-E,dev_dissipation,900.0
-,CPH3205-M-TL-E,dc_gain_min,50.0
-,2SC3940AQA,polarity,NPN
-,2SC3940AQA,ce_v_max,50
-,2SC3940AQA,c_current_max,1.0
-,2SC3940AQA,dev_dissipation,1.0
-,2SC3940AQA,stg_temp_max,150
-,2SC3940AQA,dc_gain_min,50.0
-,2SC3940AQA,polarity,NPN
-,2SC3940AQA,ce_v_max,50
-,2SC3940AQA,c_current_max,1.0
-,2SC3940AQA,dev_dissipation,1.0
-,2SC3940AQA,stg_temp_max,150
-,2SC3940AQA,dc_gain_min,50.0
-,2SC1815,polarity,NPN
-,2SC1815,ce_v_max,50
-,2SC1815,c_current_max,150.0
-,2SC1815,dev_dissipation,400.0
-,2SC1815,dc_gain_min,50.0
